departamento,promedio
Logística,50010.43886128493
IT,49998.67991612621
RH,49996.242861647486
Finanzas,49987.22149483276
Ventas,49996.18346084889
