departamento,salario
Finanzas,50012.855220671634
IT,50012.36955894539
Logística,49996.73183378626
RH,50001.583322361876
Ventas,50010.69444999947
