departamento,salario
Finanzas,50003.4983940381
IT,50001.60417513503
Logística,49995.699240713926
RH,49989.764459963706
Ventas,49975.89804163211
