departamento,promedio
Finanzas,50022.19858505724
Ventas,50018.81579206127
RH,50006.73610662299
Logística,49984.11346022216
IT,49996.304429007745
