departamento,promedio
Finanzas,49996.95011452948
RH,50002.80189862119
IT,49989.99036625184
Ventas,50004.50070399665
Logística,50000.963221255246
